{"cameraMode":{"drawMode":0,"name":"Shaded","section":"Shading Mode"},"sceneLighting":true,"audioPlay":false,"sceneViewState":{"showFog":true,"showMaterialUpdate":false,"showSkybox":true,"showFlares":true,"showImageEffects":true,"showParticleSystems":true},"in2DMode":false,"pivot":{"x":51.462310791015628,"y":-23.10259246826172,"z":-70.97063446044922},"rotation":{"x":-0.2002413123846054,"y":0.1885184794664383,"z":-0.039299126714468,"w":-0.9606505632400513},"size":40.545528411865237,"orthographic":false}