{"cameraMode":{"drawMode":0,"name":"Shaded","section":"Shading Mode"},"sceneLighting":true,"audioPlay":false,"sceneViewState":{"showFog":true,"showMaterialUpdate":false,"showSkybox":true,"showFlares":true,"showImageEffects":true,"showParticleSystems":true},"in2DMode":false,"pivot":{"x":-645.5288696289063,"y":-373.03521728515627,"z":-709.4268188476563},"rotation":{"x":-0.06813263893127442,"y":0.916926920413971,"z":-0.1782458871603012,"w":-0.35048556327819826},"size":1087.7003173828125,"orthographic":false}