{"cameraMode":{"drawMode":0,"name":"Shaded","section":"Shading Mode"},"sceneLighting":true,"audioPlay":false,"sceneViewState":{"showFog":true,"showMaterialUpdate":false,"showSkybox":true,"showFlares":true,"showImageEffects":true,"showParticleSystems":true},"in2DMode":false,"pivot":{"x":-5.344022750854492,"y":-9.814672470092774,"z":34.74626159667969},"rotation":{"x":0.17181219160556794,"y":0.24823762476444245,"z":-0.04478712007403374,"w":0.9522883892059326},"size":60.129459381103519,"orthographic":false}