{"cameraMode":{"drawMode":0,"name":"Shaded","section":"Shading Mode"},"sceneLighting":true,"audioPlay":false,"sceneViewState":{"showFog":true,"showMaterialUpdate":false,"showSkybox":true,"showFlares":true,"showImageEffects":true,"showParticleSystems":true},"in2DMode":false,"pivot":{"x":0.7641544342041016,"y":12.127762794494629,"z":173.08604431152345},"rotation":{"x":0.0697493925690651,"y":-0.6373616456985474,"z":0.058092959225177768,"w":0.7652035355567932},"size":26.015506744384767,"orthographic":false}