{"cameraMode":{"drawMode":0,"name":"Shaded","section":"Shading Mode"},"sceneLighting":true,"audioPlay":false,"sceneViewState":{"showFog":true,"showMaterialUpdate":false,"showSkybox":true,"showFlares":true,"showImageEffects":true,"showParticleSystems":true},"in2DMode":false,"pivot":{"x":5321.77685546875,"y":-3.141289710998535,"z":5442.81005859375},"rotation":{"x":-0.01931232586503029,"y":-0.9688922166824341,"z":0.23340961337089539,"w":-0.08012884855270386},"size":32.60089874267578,"orthographic":false}